raw descriptor,level_3,level_2,level_1,type,primary taste,combined
abras,abrasive,high_tannin,tannin,nonaroma,bitter,high_tannin
acacia,acacia,flowery,flower,aroma,,acacia
acacia_flower,acacia,flowery,flower,aroma,,acacia
aciddriven,acid_driven,high_acid,acid,nonaroma,acid,high_acid
aggress,aggressive,high_acid,acid,nonaroma,acid,high_acid
airi,airy,light_bodied,body,nonaroma,weight,light_bodied
allspic,allspice,baking_spices,spice,aroma,,allspice
almond,almond,nutty,nutty,aroma,,almond
almond_past,almond,nutty,nutty,aroma,,almond
marzipan,almond,nutty,nutty,aroma,,almond
almond_skin,almond,nutty,nutty,aroma,,almond
alpin_herb,alpine_herbs,fresh_herbs,vegetal,aroma,,alpine_herbs
american_oak,american_oak,resinous,woody,aroma,,american_oak
angular,angular,high_tannin,tannin,nonaroma,bitter,high_tannin
anis,anise,baking_spices,spice,aroma,,anise
anisett,anise,baking_spices,spice,aroma,,anise
appl,apple,tree_fruit,fruit,aroma,,apple
appl_cider,apple,tree_fruit,fruit,aroma,,apple
appl_flesh,apple,tree_fruit,fruit,aroma,,apple
appl_skin,apple,tree_fruit,fruit,aroma,,apple
appli,apple,tree_fruit,fruit,aroma,,apple
golden_appl,apple,tree_fruit,fruit,aroma,,apple
golden_delici,apple,tree_fruit,fruit,aroma,,apple
gravenstein_appl,apple,tree_fruit,fruit,aroma,,apple
green_appl,apple,tree_fruit,fruit,aroma,,apple
greenappl,apple,tree_fruit,fruit,aroma,,apple
press_appl,apple,tree_fruit,fruit,aroma,,apple
yellow_appl,apple,tree_fruit,fruit,aroma,,apple
appl_blossom,apple_blossom,flowery,flower,aroma,,apple_blossom
appl_pie,apple_pie,biscuit,caramel,aroma,,apple_pie
applesauc,apple_sauce,tree_fruit,fruit,aroma,,apple_sauce
apricot,apricot,stone_fruit,fruit,aroma,,apricot
ash,ash,toasted,woody,aroma,,ash
asian_spice,asian_spice,baking_spices,spice,aroma,,asian_spice
asparagus,asparagus,vegetable,vegetal,aroma,,asparagus
asphalt,asphalt,petroleum,earth_inorganic,aroma,,asphalt
assert,assertive,high_acid,acid,nonaroma,acid,high_acid
astring,astringent,high_tannin,tannin,nonaroma,bitter,high_tannin
auster,austere,high_tannin,tannin,nonaroma,bitter,high_tannin
bacon,bacon,bacon,brettanomyces,aroma,,bacon
bacon_fat,bacon,bacon,brettanomyces,aroma,,bacon
bake,baked,high_alcohol,alcohol,nonaroma,coolness,high_alcohol
bake_appl,baked_apple,tree_fruit,fruit,aroma,,baked_apple
bake_bread,baked_bread,yeasty,microbial,aroma,,baked_bread
bake_spice,baking_spices,baking_spices,spice,aroma,,baking_spices
bakingspic,baking_spices,baking_spices,spice,aroma,,baking_spices
cinnamon_nutmeg,baking_spices,baking_spices,spice,aroma,,baking_spices
dust_cinnamon,baking_spices,baking_spices,spice,aroma,,baking_spices
balsam,balsamic,volatile_acidity,acid,nonaroma,,balsamic
balsam_note,balsamic,volatile_acidity,acid,nonaroma,,balsamic
banana,banana,tropical_fruit,fruit,aroma,,banana
bandaid,band-aid,medicinal,brettanomyces,aroma,,band-aid
barbecu,barbecue,meat,sulfides,aroma,,barbecue
bark,bark,resinous,woody,aroma,,bark
barnyard,barnyard,barnyard,brettanomyces,aroma,,barnyard
basil,basil,fresh_herbs,vegetal,aroma,,basil
bay_leaf,bay_leaf,fresh_herbs,vegetal,aroma,,bay_leaf
beef_char,beef,meat,sulfides,aroma,,beef
beef_jerki,beef_jerky,meat,sulfides,aroma,,beef_jerky
beefi,beefy,high_tannin,tannin,nonaroma,bitter,high_tannin
beeswax,beeswax,honey,caramel,aroma,,beeswax
beet,beet,vegetable,vegetal,aroma,,beet
beetroot,beetroot,vegetable,vegetal,aroma,,beetroot
bell_pepper,bell_pepper,vegetable,vegetal,aroma,,bell_pepper
bergamot,bergamot,citrus_fruit,fruit,aroma,,bergamot
berri,berry,red_fruit,fruit,aroma,,berry
bigbon,big-boned,high_tannin,tannin,nonaroma,bitter,high_tannin
bite,bite,high_acid,acid,nonaroma,acid,high_acid
bitter,bitter,high_tannin,tannin,nonaroma,bitter,high_tannin
bitter_almond,bitter_almond,nutty,nutty,aroma,,bitter_almond
bittersweet,bittersweet,high_tannin,tannin,nonaroma,bitter,high_tannin
black_cherri,black_cherry,red_fruit,fruit,aroma,,black_cherry
blackcherri,black_cherry,red_fruit,fruit,aroma,,black_cherry
black_currant,black_currant,dark_fruit,fruit,aroma,,black_currant
blackfruit,black_fruit,dark_fruit,fruit,aroma,,black_fruit
blackskin_fruit,black_fruit,dark_fruit,fruit,aroma,,black_fruit
black_pepper,black_pepper,pepper,spice,aroma,piquant,pepper
black_peppercorn,black_pepper,pepper,spice,aroma,piquant,pepper
blackpepp,black_pepper,pepper,spice,aroma,piquant,pepper
black_tea,black_tea,dried_herbs,vegetal,aroma,,black_tea
blackberri,blackberry,dark_fruit,fruit,aroma,,blackberry
blackskin_berri,blackberry,dark_fruit,fruit,aroma,,blackberry
blackberri_jam,blackberry_jam,dark_fruit,fruit,aroma,,blackberry_jam
blackberri_cassi,blackberry-cassis,dark_fruit,fruit,aroma,,blackberry-cassis
blackcurr,blackcurrant,dark_fruit,fruit,aroma,,blackcurrant
bland,bland,low_concentration,concentration,nonaroma,,bland
blood_orang,blood_orange,citrus_fruit,fruit,aroma,,blood_orange
blossomi,blossom,flowery,flower,aroma,,blossom
blue,blue,color,visual,nonaroma,,blue
blue_black,blue_black,color,visual,nonaroma,,blue_black
blue_flower,blue_flower,flowery,flower,aroma,,blue_flower
bluefruit,blue_fruit,dark_fruit,fruit,aroma,,blue_fruit
blueberri,blueberry,dark_fruit,fruit,aroma,,blueberry
blueberri_pie,blueberry_pie,biscuit,caramel,aroma,,blueberry_pie
big_bold,bold,full_bodied,body,nonaroma,weight,full_bodied
bone_dri,bone_dry,bone_dry,sweetness,nonaroma,sweet,bone_dry
bonedri,bone_dry,bone_dry,sweetness,nonaroma,sweet,bone_dry
botryti,botrytis,honey,caramel,aroma,,botrytis
boysenberri,boysenberry,red_fruit,fruit,aroma,,boysenberry
brambl,bramble,dark_fruit,fruit,aroma,,bramble
brambl_berri,bramble,dark_fruit,fruit,aroma,,bramble
brawni,brawny,high_tannin,tannin,nonaroma,bitter,high_tannin
bread,bread,yeasty,microbial,aroma,,bread
bread_crust,bread_crust,yeasty,microbial,aroma,,bread_crust
brick,brick,color,visual,nonaroma,,brick
bright,bright,high_acid,acid,nonaroma,acid,high_acid
brighter,bright,high_acid,acid,nonaroma,acid,high_acid
brilliant,brilliant,color_intensity,visual,nonaroma,,brilliant
brine,brine,salinity,salinity,aroma,salt,salinity
brini,brine,salinity,salinity,aroma,salt,salinity
brioch,brioche,yeasty,microbial,aroma,,brioche
brisk,brisk,high_acid,acid,nonaroma,acid,high_acid
brown,brown,color,visual,nonaroma,,brown
brown_butter,brown_butter,caramel,caramel,aroma,,brown_butter
brown_spice,brown_spice,baking_spices,spice,aroma,,brown_spice
brown_sugar,brown_sugar,caramel,caramel,aroma,,brown_sugar
bubbl_gum,bubble_gum,tropical_fruit,fruit,aroma,,bubble_gum
bubblegum,bubblegum,tropical_fruit,fruit,aroma,,bubblegum
bulki,bulky,high_tannin,tannin,nonaroma,bitter,high_tannin
bullish,bullish,full_bodied,body,nonaroma,weight,full_bodied
buoy,buoyant,high_acid,acid,nonaroma,acid,high_acid
buoyant,buoyant,high_acid,acid,nonaroma,acid,high_acid
burn,burnt,toasted,woody,aroma,,burnt
burnt,burnt,toasted,woody,aroma,,burnt
burnt_toast,burnt_toast,toasted,woody,aroma,,burnt_toast
butter,butter,lactic,microbial,aroma,fat,lactic
butteri,butter,lactic,microbial,aroma,fat,lactic
butter_nut,butter_nut,nutty,nutty,aroma,,butter_nut
butter_popcorn,butter_popcorn,caramel,caramel,aroma,,butter_popcorn
buttercream,buttercream,caramel,caramel,aroma,,buttercream
butterscotch,butterscotch,caramel,caramel,aroma,,butterscotch
butter_toast,buttery_toast,toasted,woody,aroma,,buttery_toast
cake,cake,biscuit,caramel,aroma,,cake
cake_spice,cake_spice,baking_spices,spice,aroma,,cake_spice
campfir,campfire,toasted,woody,aroma,,campfire
camphor,camphor,oil,earth_inorganic,aroma,,camphor
candl_wax,candle_wax,oil,earth_inorganic,aroma,,candle_wax
candi,candy,tropical_fruit,fruit,aroma,,candy
confect,candy,tropical_fruit,fruit,aroma,,candy
confectionari_note,candy,tropical_fruit,fruit,aroma,,candy
caramel,caramel,caramel,caramel,aroma,,caramel
caramel_sugar,caramel,caramel,caramel,aroma,,caramel
cardamom,cardamom,baking_spices,spice,aroma,,cardamom
carob,carob,chocolate,caramel,aroma,,carob
cashew,cashew,nutty,nutty,aroma,,cashew
cassi,cassis,dark_fruit,fruit,aroma,,cassis
cantaloup,cataloupe,melon,fruit,aroma,,cataloupe
cedar,cedar,resinous,woody,aroma,,cedar
cedari,cedar,resinous,woody,aroma,,cedar
celeri,celery,vegetable,vegetal,aroma,,celery
cement,cement,rocks,earth_inorganic,aroma,,cement
chalk,chalk,rocks,earth_inorganic,aroma,,chalk
chalk_soil,chalk,rocks,earth_inorganic,aroma,,chalk
chalki,chalk,rocks,earth_inorganic,aroma,,chalk
chamomil,chamomile,flowery,flower,aroma,,chamomile
charcoal,charcoal,graphite,earth_inorganic,aroma,,charcoal
char_wood,charred_wood,toasted,woody,aroma,,charred_wood
chees,cheese,lactic,microbial,aroma,,cheese
cheesi,cheese,lactic,microbial,aroma,,cheese
chemic,chemical,petroleum,earth_inorganic,aroma,,chemical
bing_cherri,cherry,red_fruit,fruit,aroma,,cherry
cherri,cherry,red_fruit,fruit,aroma,,cherry
cherryberri,cherry,red_fruit,fruit,aroma,,cherry
morello_cherri,cherry,red_fruit,fruit,aroma,,cherry
redcherri,cherry,red_fruit,fruit,aroma,,cherry
sour_cherri,cherry,red_fruit,fruit,aroma,,cherry
wild_cherri,cherry,red_fruit,fruit,aroma,,cherry
cherri_liqueur,cherry_liqueur,red_fruit,fruit,aroma,,cherry_liqueur
pie_cherri,cherry_pie,biscuit,caramel,aroma,,cherry_pie
bitter_chocol,chocolate,chocolate,caramel,aroma,,chocolate
bittersweet_chocol,chocolate,chocolate,caramel,aroma,,chocolate
chocol,chocolate,chocolate,caramel,aroma,,chocolate
chocolatey,chocolate,chocolate,caramel,aroma,,chocolate
chocolati,chocolate,chocolate,caramel,aroma,,chocolate
choppi,choppy,high_tannin,tannin,nonaroma,bitter,high_tannin
blocki,chunky,full_bodied,body,nonaroma,weight,full_bodied
chunki,chunky,full_bodied,body,nonaroma,weight,full_bodied
solid_chunki,chunky,full_bodied,body,nonaroma,weight,full_bodied
cider,cider,tree_fruit,fruit,aroma,,cider
cigar,cigar,toasted,woody,aroma,,cigar
cigar_box,cigar_box,toasted,woody,aroma,,cigar_box
cinnamon,cinnamon,baking_spices,spice,aroma,,cinnamon
citric,citrus,citrus_fruit,fruit,aroma,,citrus
citrus,citrus,citrus_fruit,fruit,aroma,,citrus
citrusi,citrus,citrus_fruit,fruit,aroma,,citrus
lemon_lime,citrus,citrus_fruit,fruit,aroma,,citrus
lemonlim,citrus,citrus_fruit,fruit,aroma,,citrus
lemonlim_acid,citrus_acid,high_acid,acid,nonaroma,acid,high_acid
citrus_peel,citrus_peel,citrus_fruit,fruit,aroma,,citrus_peel
citrus_rind,citrus_peel,citrus_fruit,fruit,aroma,,citrus_peel
citrus_zest,citrus_peel,citrus_fruit,fruit,aroma,,citrus_peel
citrus_pith,citrus_pith,citrus_fruit,fruit,aroma,,citrus_pith
clampi,clampy,full_bodied,body,nonaroma,weight,full_bodied
classi,classy,low_tannin,tannin,nonaroma,bitter,low_tannin
clay,clay,rocks,earth_inorganic,aroma,,clay
clean,clean,high_acid,acid,nonaroma,acid,high_acid
close,closed,high_complexity,complexity,nonaroma,,closed
compact,closed,high_tannin,tannin,nonaroma,bitter,high_tannin
closegrain_tannin,close-grained_tannin,low_tannin,tannin,nonaroma,bitter,low_tannin
clove,clove,baking_spices,spice,aroma,,clove
clove_cinnamon,clove_cinnamon,baking_spices,spice,aroma,,clove_cinnamon
cloy,cloying,very_sweet,sweetness,nonaroma,sweet,very_sweet
coars,coarse,high_tannin,tannin,nonaroma,bitter,high_tannin
cocoa,cocoa,chocolate,caramel,aroma,,cocoa
cocoa_powder,cocoa,chocolate,caramel,aroma,,cocoa
dust_cocoa,cocoa,chocolate,caramel,aroma,,cocoa
coconut,coconut,resinous,woody,aroma,,coconut
coffe,coffee,toasted,woody,aroma,,coffee
coffe_bean,coffee,toasted,woody,aroma,,coffee
coffe_ground,coffee,toasted,woody,aroma,,coffee
coffe_mocha,coffee,toasted,woody,aroma,,coffee
espresso,coffee,toasted,woody,aroma,,coffee
licoric_espresso,coffee,toasted,woody,aroma,,coffee
mocha,coffee,toasted,woody,aroma,,coffee
roast_coffe,coffee,toasted,woody,aroma,,coffee
cola,cola,baking_spices,spice,aroma,,cola
streak_cola,cola,baking_spices,spice,aroma,,cola
complex,complex,high_complexity,complexity,nonaroma,,complex
complic,complicated,high_complexity,complexity,nonaroma,,complicated
compost,compost,soil,earth_organic,aroma,,compost
compot,compote,red_fruit,fruit,aroma,,compote
concentr,concentrated,high_concentration,concentration,nonaroma,,concentrated
deepli_concentr,concentrated,high_concentration,concentration,nonaroma,,concentrated
concret,concrete,rocks,earth_inorganic,aroma,,concrete
cook,cooked,dried_fruit,fruit,aroma,,cooked
cook_spice,cooked_spice,baking_spices,spice,aroma,,cooked_spice
cooki,cookie,biscuit,caramel,aroma,,cookie
corn,corn,vegetable,vegetal,aroma,,corn
cotton_candi,cotton_candy,red_fruit,fruit,aroma,,cotton_candy
cracker,cracker,biscuit,caramel,aroma,,cracker
cranberri,cranberry,red_fruit,fruit,aroma,,cranberry
cranberri_pomegran,cranberry_pomegranate,red_fruit,fruit,aroma,,cranberry_pomegranate
cream,cream,lactic,microbial,aroma,fat,lactic
creami,cream,lactic,microbial,aroma,fat,lactic
creamytextur,creamy,lactic,microbial,aroma,fat,lactic
crème_brulee,crème_brulee,caramel,caramel,aroma,,crème_brulee
crisp,crisp,high_acid,acid,nonaroma,acid,high_acid
crisper,crisp,high_acid,acid,nonaroma,acid,high_acid
crispli,crisp,high_acid,acid,nonaroma,acid,high_acid
crispli_defin,crisp,high_acid,acid,nonaroma,acid,high_acid
crunchi,crunchy,high_acid,acid,nonaroma,acid,high_acid
cucumb,cucumber,vegetable,vegetal,aroma,,cucumber
charcuteri,cured_meat,meat,sulfides,aroma,,cured_meat
cure_meat,cured_meat,meat,sulfides,aroma,,cured_meat
currant,currant,dark_fruit,fruit,aroma,,currant
custard,custard,caramel,caramel,aroma,,custard
cut_grass,cut_grass,fresh_herbs,vegetal,aroma,,cut_grass
dainti,dainty,light_bodied,body,nonaroma,weight,light_bodied
dark,dark,color,visual,nonaroma,,dark
dark_color,dark,color,visual,nonaroma,,dark
darkberri,dark_berry,dark_fruit,fruit,aroma,,dark_berry
darkskin_berri,dark_berry,dark_fruit,fruit,aroma,,dark_berry
dark_chocol,dark_chocolate,chocolate,caramel,aroma,,dark_chocolate
darkfruit,dark_fruit,dark_fruit,fruit,aroma,,dark_fruit
deep_color,deep_color,color_intensity,visual,nonaroma,,deep_color
dens,dense,high_concentration,concentration,nonaroma,,dense
dens_pack,dense,high_concentration,concentration,nonaroma,,dense
densiti,dense,high_concentration,concentration,nonaroma,,dense
deep,depth,high_complexity,complexity,nonaroma,,depth
depth,depth,high_complexity,complexity,nonaroma,,depth
diesel,diesel,petroleum,earth_inorganic,aroma,,diesel
dill,dill,fresh_herbs,vegetal,aroma,,dill
dilut,diluted,low_concentration,concentration,nonaroma,,diluted
dr_pepper,dr_pepper,baking_spices,spice,aroma,,dr_pepper
dri_herb,dried_herb,fresh_herbs,vegetal,aroma,,dried_herb
dri,dry,dry,sweetness,nonaroma,sweet,dry
drier,dry,dry,sweetness,nonaroma,sweet,dry
dryness,dry,dry,sweetness,nonaroma,sweet,dry
dull,dull,low_concentration,concentration,nonaroma,,dull
dust,dust,soil,earth_organic,aroma,,dust
dusti,dust,soil,earth_organic,aroma,,dust
earth,earth,soil,earth_organic,aroma,,earth
earthi,earth,soil,earth_organic,aroma,,earth
sunbak_earth,earth,soil,earth_organic,aroma,,earth
earthier,earthy,soil,earth_organic,aroma,,earthy
eas,easy,low_complexity,complexity,nonaroma,,easy
easi_sip,easy,low_complexity,complexity,nonaroma,,easy
edg,edgy,high_acid,acid,nonaroma,acid,high_acid
edgi,edgy,high_acid,acid,nonaroma,acid,high_acid
effervesc,effervescent,sparkling,style,nonaroma,,effervescent
elderberri,elderberry,dark_fruit,fruit,aroma,,elderberry
elderflow,elderflower,flowery,flower,aroma,,elderflower
eleg,elegant,light_bodied,body,nonaroma,weight,light_bodied
espresso_bean,espresso,toasted,woody,aroma,,espresso
eucalyptus,eucalyptus,leaves,vegetal,aroma,,eucalyptus
expans,expansive,high_complexity,complexity,nonaroma,,expansive
extract,extracted,full_bodied,body,nonaroma,weight,full_bodied
exuber,exuberant,high_acid,acid,nonaroma,acid,high_acid
fat,fat,high_concentration,concentration,nonaroma,,fat
feminin,feminine,light_bodied,body,nonaroma,weight,light_bodied
fennel,fennel,vegetable,vegetal,aroma,,fennel
feral,feral,animal,brettanomyces,aroma,,feral
fig,fig,dried_fruit,fruit,aroma,,fig
alongsid_finegrain,finegrained_tannin,low_tannin,tannin,nonaroma,bitter,low_tannin
finegrain,finegrained_tannin,low_tannin,tannin,nonaroma,bitter,low_tannin
finegrain_tannin,finegrained_tannin,low_tannin,tannin,nonaroma,bitter,low_tannin
finess,finessed,high_complexity,complexity,nonaroma,,finessed
firm,firm,high_tannin,tannin,nonaroma,bitter,high_tannin
fizz,fizz,sparkling,style,nonaroma,,fizz
flabbi,flabby,low_acid,acid,nonaroma,acid,low_acid
flashi,flashy,high_acid,acid,nonaroma,acid,high_acid
bit_flat,flat,low_acid,acid,nonaroma,acid,low_acid
flat,flat,low_acid,acid,nonaroma,acid,low_acid
fleet_tannin,fleeting_tannin,low_tannin,tannin,nonaroma,bitter,low_tannin
fleshi,fleshy,high_tannin,tannin,nonaroma,bitter,high_tannin
flint,flint,rocks,earth_inorganic,aroma,,flint
flinti,flint,rocks,earth_inorganic,aroma,,flint
bouquet,flower,flowery,flower,aroma,,flower
floral,flower,flowery,flower,aroma,,flower
flower,flower,flowery,flower,aroma,,flower
floweri,flower,flowery,flower,aroma,,flower
foami,foamy,sparkling,style,nonaroma,,foamy
foam,foamy,sparkling,style,nonaroma,,foamy
forest_floor,forest_floor,undergrowth,earth_organic,aroma,,forest_floor
forestfloor,forest_floor,undergrowth,earth_organic,aroma,,forest_floor
foresti,forest_floor,undergrowth,earth_organic,aroma,,forest_floor
leafi_underbrush,forest_floor,undergrowth,earth_organic,aroma,,forest_floor
foxi,foxy,animal,brettanomyces,aroma,,foxy
french_oak,french_oak,resinous,woody,aroma,,french_oak
fresh,fresh,high_acid,acid,nonaroma,acid,high_acid
freshen,fresh,high_acid,acid,nonaroma,acid,high_acid
fresher,fresh,high_acid,acid,nonaroma,acid,high_acid
frothi,frothy,sparkling,style,nonaroma,,frothy
fruit,fruit,fruity,fruit,aroma,,fruit
fruiti,fruit,fruity,fruit,aroma,,fruit
orchard_fruit,fruit,fruity,fruit,aroma,,fruit
fruitdriven,fruit-forward,fruity,fruit,aroma,,fruit-forward
fruitforward,fruit-forward,fruity,fruit,aroma,,fruit-forward
fruit_bomb,fruity,fruity,fruit,aroma,,fruity
fruitier,fruity,fruity,fruit,aroma,,fruity
fullfruit,fruity,fruity,fruit,aroma,,fruity
fudg,fudge,caramel,caramel,aroma,,fudge
ampl_weight,full_bodied,full_bodied,body,nonaroma,weight,full_bodied
bold,full_bodied,full_bodied,body,nonaroma,weight,full_bodied
full_bodi,full_bodied,full_bodied,body,nonaroma,weight,full_bodied
fullbodi,full_bodied,full_bodied,body,nonaroma,weight,full_bodied
soupi,full_bodied,full_bodied,body,nonaroma,weight,full_bodied
weighti,full_bodied,full_bodied,body,nonaroma,weight,full_bodied
funk,funky,barnyard,brettanomyces,aroma,,funky
funki,funky,barnyard,brettanomyces,aroma,,funky
game,game,meat,sulfides,aroma,,game
gami,game,meat,sulfides,aroma,,game
ginger,ginger,baking_spices,spice,aroma,,ginger
gingerbread,gingerbread,baking_spices,spice,aroma,,gingerbread
gold,gold,color,visual,nonaroma,,gold
gold_color,gold,color,visual,nonaroma,,gold
golden,gold,color,visual,nonaroma,,gold
golden_color,gold,color,visual,nonaroma,,gold
gooseberri,gooseberry,red_fruit,fruit,aroma,,gooseberry
grabbi,grabby,high_tannin,tannin,nonaroma,bitter,high_tannin
graham_cracker,graham_cracker,biscuit,caramel,aroma,,graham_cracker
grain,grain,resinous,woody,aroma,,grain
wood_grain,grain,resinous,woody,aroma,,grain
graini,grainy,high_tannin,tannin,nonaroma,bitter,high_tannin
graini_tannin,grainy,high_tannin,tannin,nonaroma,bitter,high_tannin
granit,granite,rocks,earth_inorganic,aroma,,granite
grapefru,grapefruit,citrus_fruit,fruit,aroma,,grapefruit
grapefruit,grapefruit,citrus_fruit,fruit,aroma,,grapefruit
pink_grapefruit,grapefruit,citrus_fruit,fruit,aroma,,grapefruit
pinkgrapefruit,grapefruit,citrus_fruit,fruit,aroma,,grapefruit
white_grapefruit,grapefruit,citrus_fruit,fruit,aroma,,grapefruit
grapefruit_peel,grapefruit_peel,citrus_fruit,fruit,aroma,,grapefruit_peel
grapefruit_zest,grapefruit_peel,citrus_fruit,fruit,aroma,,grapefruit_peel
grapefruit_pith,grapefruit_pith,citrus_fruit,fruit,aroma,,grapefruit_pith
grapey,grapey,red_fruit,fruit,aroma,,grapey
grapi,grapey,red_fruit,fruit,aroma,,grapey
graphit,graphite,graphite,earth_inorganic,aroma,,graphite
grass,grass,fresh_herbs,vegetal,aroma,,grass
grassi,grass,fresh_herbs,vegetal,aroma,,grass
gravel,gravel,rocks,earth_inorganic,aroma,,gravel
gravelli,gravel,rocks,earth_inorganic,aroma,,gravel
green,green,color,visual,nonaroma,,green
green_banana,green_banana,tropical_fruit,fruit,aroma,,green_banana
green_bean,green_bean,vegetable,vegetal,aroma,,green_bean
greenfruit,green_fruit,tree_fruit,fruit,aroma,,green_fruit
green_pepper,green_pepper,vegetable,vegetal,aroma,,green_pepper
green_peppercorn,green_pepper,pepper,spice,aroma,piquant,pepper
ground_pepper,green_pepper,pepper,spice,aroma,piquant,pepper
grill_herb,grilled_herbs,fresh_herbs,vegetal,aroma,,grilled_herbs
char_meat,grilled_meat,meat,sulfides,aroma,,grilled_meat
grill_meat,grilled_meat,meat,sulfides,aroma,,grilled_meat
grill_peach,grilled_peach,stone_fruit,fruit,aroma,,grilled_peach
grip,gripping,high_tannin,tannin,nonaroma,bitter,high_tannin
tannic_grip,gripping_tannin,high_tannin,tannin,nonaroma,bitter,high_tannin
grippi,grippy,high_tannin,tannin,nonaroma,bitter,high_tannin
grit,gritty,high_tannin,tannin,nonaroma,bitter,high_tannin
gritti,gritty,high_tannin,tannin,nonaroma,bitter,high_tannin
guava,guava,tropical_fruit,fruit,aroma,,guava
gummi,gummy,red_fruit,fruit,aroma,,gummy
ham,ham,meat,sulfides,aroma,,ham
hard,hard,high_tannin,tannin,nonaroma,bitter,high_tannin
hay,hay,dried_herbs,vegetal,aroma,,hay
hazelnut,hazelnut,nutty,nutty,aroma,,hazelnut
headi,heady,high_alcohol,alcohol,nonaroma,coolness,high_alcohol
hearti,hearty,full_bodied,body,nonaroma,weight,full_bodied
heavi,heavy,full_bodied,body,nonaroma,weight,full_bodied
heavier,heavy,full_bodied,body,nonaroma,weight,full_bodied
heavyweight,heavy,full_bodied,body,nonaroma,weight,full_bodied
garden_herb,herb,fresh_herbs,vegetal,aroma,,herb
herb,herb,fresh_herbs,vegetal,aroma,,herb
herbal,herb,fresh_herbs,vegetal,aroma,,herb
herbac,herbacious,fresh_herbs,vegetal,aroma,,herbacious
chop_herb,herbs,fresh_herbs,vegetal,aroma,,herbs
herbal_compon,herbs,fresh_herbs,vegetal,aroma,,herbs
hibiscus,hibiscus,flowery,flower,aroma,,hibiscus
hickori,hickory,resinous,woody,aroma,,hickory
hickori_smoke,hickory_smoke,toasted,woody,aroma,,hickory_smoke
high_acid,high_acid,high_acid,acid,nonaroma,acid,high_acid
highacid,high_acid,high_acid,acid,nonaroma,acid,high_acid
bigger,high_alcohol,high_alcohol,alcohol,nonaroma,coolness,high_alcohol
high_alcohol,high_alcohol,high_alcohol,alcohol,nonaroma,coolness,high_alcohol
highoctan,high_alcohol,high_alcohol,alcohol,nonaroma,coolness,high_alcohol
sizabl_tannin,high_tannin,high_tannin,tannin,nonaroma,bitter,high_tannin
tannic_bite,high_tannin,high_tannin,tannin,nonaroma,bitter,high_tannin
tannic_backbon,high_tannin,high_tannin,tannin,nonaroma,bitter,high_tannin
hollow,hollow,low_concentration,concentration,nonaroma,,hollow
honey,honey,honey,caramel,aroma,,honey
honeycomb,honeycomb,honey,caramel,aroma,,honeycomb
honeydew,honeydew,melon,fruit,aroma,,honeydew
honeydew_melon,honeydew,melon,fruit,aroma,,honeydew
honeysuckl,honeysuckle,honey,caramel,aroma,,honeysuckle
horsey,horsey,barnyard,brettanomyces,aroma,,horsey
alcohol_heat,hot,high_alcohol,alcohol,nonaroma,coolness,high_alcohol
heat,hot,high_alcohol,alcohol,nonaroma,coolness,high_alcohol
heat_evid,hot,high_alcohol,alcohol,nonaroma,coolness,high_alcohol
hot,hot,high_alcohol,alcohol,nonaroma,coolness,high_alcohol
huckleberri,huckleberry,dark_fruit,fruit,aroma,,huckleberry
incens,incense,toasted,woody,aroma,,incense
indian_spice,indian_spice,baking_spices,spice,aroma,,indian_spice
inki,inky,fruity,fruit,aroma,,inky
iodin,iodine,salinity,salinity,aroma,salt,salinity
iron,iron,metal,earth_inorganic,aroma,,iron
jag,jagged,high_tannin,tannin,nonaroma,bitter,high_tannin
jalapeño,jalapeno,vegetable,vegetal,aroma,,jalapeno
jalapeã±o,jalapeno,vegetables,vegetal,aroma,,jalapeno
jam,jam,red_fruit,fruit,aroma,,jam
jammi,jam,red_fruit,fruit,aroma,,jam
jasmin,jasmine,flowery,flower,aroma,,jasmine
jelli,jelly,red_fruit,fruit,aroma,,jelly
juic,juicy,fruity,fruit,aroma,,juicy
juici,juicy,fruity,fruit,aroma,,juicy
junip,juniper,leaves,vegetal,aroma,,juniper
kirsch,kirsch,red_fruit,fruit,aroma,,kirsch
kiwi,kiwi,tropical_fruit,fruit,aroma,,kiwi
kumquat,kumquat,citrus_fruit,fruit,aroma,,kumquat
lactic,lactic,lactic,microbial,aroma,,lactic
lanolin,lanolin,oil,earth_inorganic,aroma,,lanolin
latex,latex,rubber,earth_inorganic,aroma,,latex
lavend,lavender,flowery,flower,aroma,,lavender
lavish,lavish,high_complexity,complexity,nonaroma,,lavish
leaf,leafy,leaves,vegetal,aroma,,leafy
leafi,leafy,leaves,vegetal,aroma,,leafy
leafi_herbal,leafy,leaves,vegetal,aroma,,leafy
lean,lean,high_acid,acid,nonaroma,acid,high_acid
leaner,lean,high_acid,acid,nonaroma,acid,high_acid
rather_lean,lean,light_bodied,body,nonaroma,weight,light_bodied
leather,leather,leather,sulfides,aroma,,leather
leatheri,leather,leather,sulfides,aroma,,leather
new_leather,leather,leather,sulfides,aroma,,leather
lee,lees,yeasty,microbial,aroma,,lees
leesi,lees,yeasty,microbial,aroma,,lees
lemon,lemon,citrus_fruit,fruit,aroma,,lemon
lemon_juic,lemon,citrus_fruit,fruit,aroma,,lemon
lemon_oil,lemon,citrus_fruit,fruit,aroma,,lemon
lemoni,lemon,citrus_fruit,fruit,aroma,,lemon
meyer_lemon,lemon,citrus_fruit,fruit,aroma,,lemon
squeez_lemon,lemon,citrus_fruit,fruit,aroma,,lemon
lemon_blossom,lemon_blossom,citrus_fruit,fruit,aroma,,lemon_blossom
lemon_curd,lemon_curd,citrus_fruit,fruit,aroma,,lemon_curd
lemon_custard,lemon_custard,caramel,caramel,aroma,,lemon_custard
lemon_drop,lemon_drop,citrus_fruit,fruit,aroma,,lemon_drop
lemon_meringu,lemon_meringue,caramel,caramel,aroma,,lemon_meringue
lemon_peel,lemon_peel,citrus_fruit,fruit,aroma,,lemon_peel
lemon_rind,lemon_peel,citrus_fruit,fruit,aroma,,lemon_peel
lemon_zest,lemon_peel,citrus_fruit,fruit,aroma,,lemon_peel
lemon_pith,lemon_pith,citrus_fruit,fruit,aroma,,lemon_pith
lemon_verbena,lemon_verbena,citrus_fruit,fruit,aroma,,lemon_verbena
lemongrass,lemongrass,fresh_herbs,vegetal,aroma,,lemongrass
length,length,long_finish,finish,nonaroma,,length
lengthi,lengthy,long_finish,finish,nonaroma,,lengthy
long_mouthwat,lengthy,long_finish,finish,nonaroma,,lengthy
longlast,lengthy,long_finish,finish,nonaroma,,lengthy
lettuc,lettuce,vegetable,vegetal,aroma,,lettuce
black_licoric,licorice,baking_spices,spice,aroma,,licorice
licoric,licorice,baking_spices,spice,aroma,,licorice
licoric_root,licorice,baking_spices,spice,aroma,,licorice
lightest,light,light_bodied,body,nonaroma,weight,light_bodied
light,light_bodied,light_bodied,body,nonaroma,weight,light_bodied
light_bodi,light_bodied,light_bodied,body,nonaroma,weight,light_bodied
lightbodi,light_bodied,light_bodied,body,nonaroma,weight,light_bodied
lighter,light_bodied,light_bodied,body,nonaroma,weight,light_bodied
lighter_style,light_bodied,light_bodied,body,nonaroma,weight,light_bodied
lightfoot,light_bodied,light_bodied,body,nonaroma,weight,light_bodied
lightweight,light_bodied,light_bodied,body,nonaroma,weight,light_bodied
thin,light_bodied,light_bodied,body,nonaroma,weight,light_bodied
lighter_color,light_color,color_intensity,visual,nonaroma,,light_color
lilac,lilac,flowery,flower,aroma,,lilac
key_lime,lime,citrus_fruit,fruit,aroma,,lime
lime,lime,citrus_fruit,fruit,aroma,,lime
lime_juic,lime,citrus_fruit,fruit,aroma,,lime
lime_leaf,lime,citrus_fruit,fruit,aroma,,lime
squeez_lime,lime,citrus_fruit,fruit,aroma,,lime
lime_peel,lime_peel,citrus_fruit,fruit,aroma,,lime_peel
lime_rind,lime_peel,citrus_fruit,fruit,aroma,,lime_peel
lime_skin,lime_peel,citrus_fruit,fruit,aroma,,lime_peel
lime_zest,lime_peel,citrus_fruit,fruit,aroma,,lime_peel
lime_pith,lime_pith,citrus_fruit,fruit,aroma,,lime_pith
limeston,limestone,rocks,earth_inorganic,aroma,,limestone
linear,linear,low_complexity,complexity,nonaroma,,linear
loam,loamy,soil,earth_organic,aroma,,loamy
loami,loamy,soil,earth_organic,aroma,,loamy
low_acid,low_acid,low_acid,acid,nonaroma,acid,low_acid
light_feet,low_alcohol,low_alcohol,alcohol,nonaroma,coolness,low_alcohol
low_alcohol,low_alcohol,low_alcohol,alcohol,nonaroma,coolness,low_alcohol
lowalcohol,low_alcohol,low_alcohol,alcohol,nonaroma,coolness,low_alcohol
straightforward,low_complexity,low_complexity,complexity,nonaroma,,low_complexity
lumin,luminous,color_intensity,visual,nonaroma,,luminous
lush,lush,full_bodied,body,nonaroma,weight,full_bodied
luxuri,luxurious,full_bodied,body,nonaroma,weight,full_bodied
lyche,lychee,tropical_fruit,fruit,aroma,,lychee
mace,mace,baking_spices,spice,aroma,,mace
mandarin,mandarin,citrus_fruit,fruit,aroma,,mandarin
mango,mango,tropical_fruit,fruit,aroma,,mango
peach_mango,mango,tropical_fruit,fruit,aroma,,mango
mapl,maple,resinous,woody,aroma,,maple
mapl_syrup,maple_syrup,caramel,caramel,aroma,,maple_syrup
marjoram,marjoram,fresh_herbs,vegetal,aroma,,marjoram
marmalad,marmalade,citrus_fruit,fruit,aroma,,marmalade
marshmallow,marshmallow,caramel,caramel,aroma,,marshmallow
masculin,masculine,high_tannin,tannin,nonaroma,bitter,high_tannin
mass,mass,full_bodied,body,nonaroma,weight,full_bodied
matchstick,matchstick,sulfur,sulfides,aroma,,matchstick
meali,mealy,low_acid,acid,nonaroma,acid,low_acid
meat,meat,meat,sulfides,aroma,,meat
meati,meaty,high_tannin,tannin,nonaroma,bitter,high_tannin
medicin,medicinal,medicinal,brettanomyces,aroma,,medicinal
mediterranean_herb,meditteranean_herbs,fresh_herbs,vegetal,aroma,,meditteranean_herbs
oregano_thyme,meditteranean_herbs,fresh_herbs,vegetal,aroma,,meditteranean_herbs
medium_bodi,medium_bodied,medium_bodied,body,nonaroma,weight,medium_bodied
medium_fullbodi,medium_bodied,medium_bodied,body,nonaroma,weight,medium_bodied
medium_weight,medium_bodied,medium_bodied,body,nonaroma,weight,medium_bodied
mediumbodi,medium_bodied,medium_bodied,body,nonaroma,weight,medium_bodied
mediumweight,medium_bodied,medium_bodied,body,nonaroma,weight,medium_bodied
medium_length,medium_length_finish,medium_length_finish,finish,nonaroma,,medium_length_finish
mediumlength_finish,medium_length_finish,medium_length_finish,finish,nonaroma,,medium_length_finish
mediumsweet,medium_sweet,off_dry,sweetness,nonaroma,sweet,off_dry
semisweet,medium_sweet,off_dry,sweetness,nonaroma,sweet,off_dry
moder_tannic,medium_tannin,medium_tannin,tannin,nonaroma,bitter,medium_tannin
mellow,mellow,low_concentration,concentration,nonaroma,,mellow
melon,melon,melon,fruit,aroma,,melon
melon_fig,melon,melon,fruit,aroma,,melon
meloni,melon,melon,fruit,aroma,,melon
melon_rind,melon_rind,melon,fruit,aroma,,melon_rind
melt_butter,melted_butter,lactic,microbial,aroma,,melted_butter
menthol,menthol,fresh_herbs,vegetal,aroma,,menthol
metal,metal,metal,earth_inorganic,aroma,,metal
mild_bitter,mild_bitterness,medium_tannin,tannin,nonaroma,bitter,medium_tannin
milk_chocol,milk_chocolate,chocolate,caramel,aroma,,milk_chocolate
mineraldriven,mineral,rocks,earth_inorganic,aroma,,mineral
crystallin,minerality,rocks,earth_inorganic,aroma,,minerality
miner,minerality,rocks,earth_inorganic,aroma,,minerality
stoni_miner,minerality,rocks,earth_inorganic,aroma,,minerality
chop_mint,mint,fresh_herbs,vegetal,aroma,,mint
mint,mint,fresh_herbs,vegetal,aroma,,mint
minti,mint,fresh_herbs,vegetal,aroma,,mint
wild_mint,mint,fresh_herbs,vegetal,aroma,,mint
modest,modest,low_complexity,complexity,nonaroma,,modest
moist_earth,moist_earth,soil,earth_organic,aroma,,moist_earth
molass,molasses,caramel,caramel,aroma,,molasses
moss,moss,undergrowth,earth_organic,aroma,,moss
mossi,moss,undergrowth,earth_organic,aroma,,moss
mouss,mousse,sparkling,style,nonaroma,,mousse
mulberri,mulberry,dark_fruit,fruit,aroma,,mulberry
mulchi,mulch,soil,earth_organic,aroma,,mulch
murki,murky,color_intensity,visual,nonaroma,,murky
muscular,muscular,high_tannin,tannin,nonaroma,bitter,high_tannin
mushroom,mushroom,mushroom,earth_organic,aroma,,mushroom
mushroomi,mushroom,mushroom,earth_organic,aroma,,mushroom
muski,musky,animal,brettanomyces,aroma,,musky
mustard,mustard,baking_spices,spice,aroma,,mustard
nectar,nectar,flowery,flower,aroma,,nectar
nectarin,nectarine,stone_fruit,fruit,aroma,,nectarine
nectarin_zest,nectarine,citrus_fruit,fruit,aroma,,nectarine
nervi,nervy,high_acid,acid,nonaroma,acid,high_acid
nettl,nettle,leaves,vegetal,aroma,,nettle
neutral_oak,neutral_oak,resinous,woody,aroma,,neutral_oak
new_oak,new_oak,resinous,woody,aroma,,new_oak
new_wood,new_wood,resinous,woody,aroma,,new_wood
nut,nut,nutty,nutty,aroma,,nut
nutti,nut,nutty,nutty,aroma,,nut
nutmeg,nutmeg,baking_spices,spice,aroma,,nutmeg
barrel,oak,resinous,woody,aroma,,oak
barrel_influenc,oak,resinous,woody,aroma,,oak
barrel_select,oak,resinous,woody,aroma,,oak
barrelfer,oak,resinous,woody,aroma,,oak
heavili_oak,oak,resinous,woody,aroma,,oak
oak,oak,resinous,woody,aroma,,oak
oak_influenc,oak,resinous,woody,aroma,,oak
oak_treatment,oak,resinous,woody,aroma,,oak
oakbas,oak,resinous,woody,aroma,,oak
oaki,oak,resinous,woody,aroma,,oak
barrel_sampl,oak,oak,woody,aroma,,oak
oakdriven_spice,oak,oak,woody,aroma,,oak
oakdriven,oak-driven,resinous,woody,aroma,,oak-driven
ocean,ocean,salinity,salinity,aroma,salt,salinity
offdri,off-dry,off_dry,sweetness,nonaroma,sweet,off_dry
offdri_style,off-dry,off_dry,sweetness,nonaroma,sweet,off_dry
oil,oil,oil,earth_inorganic,aroma,,oil
slight_oili,oil,oil,earth_inorganic,aroma,,oil
unctuous,oil,oil,earth_inorganic,aroma,,oil
oili,oily,oil,earth_inorganic,aroma,,oily
olallieberri,olallieberry,dark_fruit,fruit,aroma,,olallieberry
black_oliv,olive,vegetable,vegetal,aroma,,olive
green_oliv,olive,vegetable,vegetal,aroma,,olive
oliv,olive,vegetable,vegetal,aroma,,olive
tapenad,olive,vegetable,vegetal,aroma,,olive
onedimension,one_dimensional,low_complexity,complexity,nonaroma,,one_dimensional
opul,opulent,full_bodied,body,nonaroma,weight,full_bodied
mandarin_orang,orange,citrus_fruit,fruit,aroma,,orange
orang,orange,citrus_fruit,fruit,aroma,,orange
orang_tangerin,orange,citrus_fruit,fruit,aroma,,orange
orang_blossom,orange_blossom,flowery,flower,aroma,,orange_blossom
orang_marmalad,orange_marmalade,citrus_fruit,fruit,aroma,,orange_marmalade
orang_peel,orange_peel,citrus_fruit,fruit,aroma,,orange_peel
orang_rind,orange_peel,citrus_fruit,fruit,aroma,,orange_peel
orang_zest,orange_peel,citrus_fruit,fruit,aroma,,orange_peel
oregano,oregano,fresh_herbs,vegetal,aroma,,oregano
overoak,over-oaked,resinous,woody,aroma,,over-oaked
overrip,overripe,fruity,fruit,aroma,,overripe
oxid,oxidized,color,visual,nonaroma,,oxidized
pale,pale,color_intensity,visual,nonaroma,,pale
pale_color,pale_color,color,visual,nonaroma,,pale_color
papaya,papaya,tropical_fruit,fruit,aroma,,papaya
passion_fruit,passion_fruit,tropical_fruit,fruit,aroma,,passion_fruit
passionfruit,passion_fruit,tropical_fruit,fruit,aroma,,passion_fruit
pastri,pastry,biscuit,caramel,aroma,,pastry
pea,pea,vegetable,vegetal,aroma,,pea
peach,peach,stone_fruit,fruit,aroma,,peach
peach_melon,peach,stone_fruit,fruit,aroma,,peach
peach_nectarin,peach,stone_fruit,fruit,aroma,,peach
peachi,peach,stone_fruit,fruit,aroma,,peach
white_peach,peach,stone_fruit,fruit,aroma,,peach
whitepeach,peach,stone_fruit,fruit,aroma,,peach
yellow_peach,peach,stone_fruit,fruit,aroma,,peach
peach_pit,peach_pit,stone_fruit,fruit,aroma,,peach_pit
peanut,peanut,nutty,nutty,aroma,,peanut
anjou_pear,pear,tree_fruit,fruit,aroma,,pear
asian_pear,pear,tree_fruit,fruit,aroma,,pear
bosc_pear,pear,tree_fruit,fruit,aroma,,pear
pear,pear,tree_fruit,fruit,aroma,,pear
pear_flesh,pear,tree_fruit,fruit,aroma,,pear
poach_pear,pear,tree_fruit,fruit,aroma,,pear
bartlett_pear,pear,tree_fruit,fruit,aroma,,pear
cedar_pencil,pencil_lead,graphite,earth_inorganic,aroma,,pencil_lead
pencil_lead,pencil_lead,graphite,earth_inorganic,aroma,,pencil_lead
pencil_shave,pencil_shaving,graphite,earth_inorganic,aroma,,pencil_shaving
crack_pepper,pepper,pepper,spice,aroma,piquant,pepper
pepper,pepper,pepper,spice,aroma,piquant,pepper
pepper_bridg,pepper,pepper,spice,aroma,piquant,pepper
peppercorn,pepper,pepper,spice,aroma,piquant,pepper
pepperi,pepper,pepper,spice,aroma,piquant,pepper
pepperi_spice,peppery,pepper,spice,aroma,piquant,pepper
perfum,perfumed,flowery,flower,aroma,,perfumed
persimmon,persimmon,tropical_fruit,fruit,aroma,,persimmon
petal,petal,flowery,flower,aroma,,petal
petrol,petrol,petroleum,earth_inorganic,aroma,,petrol
phenol,phenolic,high_tannin,tannin,nonaroma,bitter,high_tannin
pickl,pickled,high_acid,acid,nonaroma,acid,high_acid
pie,pie,biscuit,caramel,aroma,,pie
pierc,piercing,high_acid,acid,nonaroma,acid,high_acid
pillowi,pillowy,low_tannin,tannin,nonaroma,bitter,low_tannin
pine,pine,resinous,woody,aroma,,pine
pine_forest,pine,leaves,vegetal,aroma,,pine
pine_needl,pine,leaves,vegetal,aroma,,pine
pineappl,pineapple,tropical_fruit,fruit,aroma,,pineapple
pink,pink,color,visual,nonaroma,,pink
pink_color,pink_color,color,visual,nonaroma,,pink_color
pith,pith,citrus_fruit,fruit,aroma,,pith
pithi,pith,citrus_fruit,fruit,aroma,,pith
plastic,plastic,petroleum,earth_inorganic,aroma,,plastic
pleasant_bitter,pleasant_bitter,medium_tannin,tannin,nonaroma,bitter,medium_tannin
black_plum,plum,dark_fruit,fruit,aroma,,plum
blackplum,plum,dark_fruit,fruit,aroma,,plum
mirabell_plum,plum,dark_fruit,fruit,aroma,,plum
plum,plum,dark_fruit,fruit,aroma,,plum
plum_skin,plum,dark_fruit,fruit,aroma,,plum
plummi,plum,dark_fruit,fruit,aroma,,plum
plumskin,plum,dark_fruit,fruit,aroma,,plum
plump,plump,full_bodied,body,nonaroma,weight,full_bodied
plush,plush,low_tannin,tannin,nonaroma,bitter,low_tannin
alongsid_polish,polished,low_tannin,tannin,nonaroma,bitter,low_tannin
polish,polished,low_tannin,tannin,nonaroma,bitter,low_tannin
pollen,pollen,flowery,flower,aroma,,pollen
pomegran,pomegranate,red_fruit,fruit,aroma,,pomegranate
pop,pop,high_acid,acid,nonaroma,acid,high_acid
popcorn,popcorn,caramel,caramel,aroma,,popcorn
potpourri,potpourri,flowery,flower,aroma,,potpourri
powderi,powdery,low_tannin,tannin,nonaroma,bitter,low_tannin
power,powerful,high_concentration,concentration,nonaroma,,powerful
preserv_lemon,preserved_lemon,citrus_fruit,fruit,aroma,,preserved_lemon
prick,prickly,sparkling,style,nonaroma,,prickly
prune,prune,dried_fruit,fruit,aroma,,prune
pruney,prune,dried_fruit,fruit,aroma,,prune
prune_raisin,prune_raisin,dried_fruit,fruit,aroma,,prune_raisin
puckeri,puckery,high_acid,acid,nonaroma,acid,high_acid
pulpi,pulpy,fruity,fruit,aroma,,pulpy
punchi,punchy,high_concentration,concentration,nonaroma,,punchy
pungent,pungent,high_alcohol,alcohol,nonaroma,coolness,high_alcohol
purpl,purple,color,visual,nonaroma,,purple
purpl_color,purple,color,visual,nonaroma,,purple
purpl_flower,purple_flower,flowery,flower,aroma,,purple_flower
pyrazin,pyrazines,vegetable,vegetal,aroma,,pyrazines
quaffer,quaffer,low_complexity,complexity,nonaroma,,quaffer
quinc,quince,tree_fruit,fruit,aroma,,quince
raci,racy,high_acid,acid,nonaroma,acid,high_acid
raisin,raisin,dried_fruit,fruit,aroma,,raisin
raisini,raisin,dried_fruit,fruit,aroma,,raisin
raisin_prune,raisin_prune,dried_fruit,fruit,aroma,,raisin_prune
crush_raspberri,raspberry,red_fruit,fruit,aroma,,raspberry
raspberri,raspberry,red_fruit,fruit,aroma,,raspberry
raspberri_compot,raspberry,red_fruit,fruit,aroma,,raspberry
raspberri_jam,raspberry,red_fruit,fruit,aroma,,raspberry
raspi,raspy,high_tannin,tannin,nonaroma,bitter,high_tannin
redberri,red_berry,red_fruit,fruit,aroma,,red_berry
forest_berri,red_berry,red_fruit,fruit,aroma,,red_berry
red_currant,red_currant,red_fruit,fruit,aroma,,red_currant
redcurr,red_currant,red_fruit,fruit,aroma,,red_currant
pomegran_cranberri,red_fruit,red_fruit,fruit,aroma,,red_fruit
redfruit,red_fruit,red_fruit,fruit,aroma,,red_fruit
redplum,red_plum,dark_fruit,fruit,aroma,,red_plum
reduct,reductive,fruity,fruit,aroma,,reductive
touch_reduct,reductive,fruity,fruit,aroma,,reductive
reedi,reedy,leaves,vegetal,aroma,,reedy
refin,refined,light_bodied,body,nonaroma,weight,light_bodied
refresh,refreshing,high_acid,acid,nonaroma,acid,high_acid
residu_sugar,residual_sugar,sweet,sweetness,nonaroma,sweet,sweet
residu_sweet,residual_sweetness,sweet,sweetness,nonaroma,sweet,sweet
resin,resin,resinous,woody,aroma,,resin
resini,resin,resinous,woody,aroma,,resin
resini_oak,resin,resinous,woody,aroma,,resin
restrain,restrained,low_concentration,concentration,nonaroma,,restrained
restraint,restrained,low_concentration,concentration,nonaroma,,restrained
rhubarb,rhubarb,vegetable,vegetal,aroma,,rhubarb
rich,rich,full_bodied,body,nonaroma,weight,full_bodied
richer,rich,full_bodied,body,nonaroma,weight,full_bodied
rind,rind,citrus_fruit,fruit,aroma,,rind
ripe,ripe,fruity,fruit,aroma,,ripe
ripen,ripe,fruity,fruit,aroma,,ripe
riper,ripe,fruity,fruit,aroma,,ripe
ultrarip,ripe,fruity,fruit,aroma,,ripe
roast_beef,roast_beef,meat,sulfides,aroma,,roast_beef
roast_almond,roasted_almond,nutty,nutty,aroma,,roasted_almond
char_beef,roasted_meat,meat,sulfides,aroma,,roasted_meat
roast_meat,roasted_meat,meat,sulfides,aroma,,roasted_meat
robust,robust,full_bodied,body,nonaroma,weight,full_bodied
crush_rock,rocks,rocks,earth_inorganic,aroma,,rocks
crush_stone,rocks,rocks,earth_inorganic,aroma,,rocks
white_stone,rocks,rocks,earth_inorganic,aroma,,rocks
rocki,rocky,rocks,earth_inorganic,aroma,,rocky
root,root,undergrowth,earth_organic,aroma,,root
rooti,root,undergrowth,earth_organic,aroma,,root
rose,rose,flowery,flower,aroma,,rose
rose_petal,rose,flowery,flower,aroma,,rose
press_rose,rose,flowery,flower,aroma,,rose
yellow_rose,rose,flowery,flower,aroma,,rose
rose_violet,rose_violet,flowery,flower,aroma,,rose_violet
rosemari,rosemary,fresh_herbs,vegetal,aroma,,rosemary
rosewat,rosewater,flowery,flower,aroma,,rosewater
rough,rough,high_tannin,tannin,nonaroma,bitter,high_tannin
rough_edg,rough,high_tannin,tannin,nonaroma,bitter,high_tannin
round,round,full_bodied,body,nonaroma,,round
rubber,rubber,rubber,earth_inorganic,aroma,,rubber
rubberi,rubber,rubber,earth_inorganic,aroma,,rubber
rubi_color,ruby_color,color,visual,nonaroma,,ruby_color
rum_cake,rum_cake,baking_spices,spice,aroma,,rum_cake
rustic,rustic,high_tannin,tannin,nonaroma,bitter,high_tannin
rusti,rusty,color,visual,nonaroma,,rusty
saddl_leather,saddle_leather,barnyard,brettanomyces,aroma,,saddle_leather
saffron,saffron,saffron,spice,aroma,,saffron
sage,sage,fresh_herbs,vegetal,aroma,,sage
sagebrush,sagebrush,leaves,vegetal,aroma,,sagebrush
powder_sage,sage,fresh_herbs,vegetal,aroma,,sage
grill_sage,sage,fresh_herbs,vegetal,aroma,,sage
salin,saline,salinity,salinity,aroma,salt,salinity
sea_salt,saline,salinity,salinity,aroma,salt,salinity
salt,salt,salinity,salinity,aroma,salt,salinity
salti,salt,salinity,salinity,aroma,salt,salinity
sandalwood,sandalwood,resinous,woody,aroma,,sandalwood
sanguin,sanguine,meat,sulfides,aroma,,sanguine
sappi,sappy,leaves,vegetal,aroma,,sappy
root_beer,sassafras,leaves,vegetal,aroma,,sassafras
sassafra,sassafras,leaves,vegetal,aroma,,sassafras
satini,satiny,low_tannin,tannin,nonaroma,bitter,low_tannin
lend_savori,savory,vegetable,vegetal,aroma,,savory
savori,savory,vegetable,vegetal,aroma,,savory
sawdust,sawdust,resinous,woody,aroma,,sawdust
scorch_earth,scorched_earth,soil,earth_organic,aroma,,scorched_earth
scratchi,scratchy,low_tannin,tannin,nonaroma,bitter,low_tannin
semisweet_riesl,semisweet,sweet,sweetness,nonaroma,sweet,sweet
sharp,sharp,high_acid,acid,nonaroma,acid,high_acid
shimmer,shimmer,color_intensity,visual,nonaroma,,shimmer
shine,shine,color_intensity,visual,nonaroma,,shine
shoe_polish,shoe_polish,baking_spices,spice,aroma,,shoe_polish
silken,silky,low_tannin,tannin,nonaroma,bitter,low_tannin
silki,silky,low_tannin,tannin,nonaroma,bitter,low_tannin
uncompl,simple,low_complexity,complexity,nonaroma,,simple
sinewi,sinewy,high_tannin,tannin,nonaroma,bitter,high_tannin
sizzl,sizzling,high_acid,acid,nonaroma,acid,high_acid
sizzl_acid,sizzling,high_acid,acid,nonaroma,acid,high_acid
crush_slate,slate,rocks,earth_inorganic,aroma,,slate
slate,slate,rocks,earth_inorganic,aroma,,slate
sleek,sleek,low_tannin,tannin,nonaroma,bitter,low_tannin
slick,slick,oil,earth_inorganic,aroma,,slick
slight_sour,slightly_sour,high_acid,acid,nonaroma,acid,high_acid
smoke,smoke,toasted,woody,aroma,,smoke
smoki,smoke,toasted,woody,aroma,,smoke
smoki_char,smoke,toasted,woody,aroma,,smoke
whiff_smoke,smoke,toasted,woody,aroma,,smoke
smoke_bacon,smoked_bacon,bacon,brettanomyces,aroma,,smoked_bacon
smoke_meat,smoked_meat,toasted,woody,aroma,,smoked_meat
smoke_nut,smoked_nut,nutty,nutty,aroma,,smoked_nut
wood_smoke,smoky,toasted,woody,aroma,,smoky
smooth,smooth,low_tannin,tannin,nonaroma,bitter,low_tannin
snap,snappy,high_acid,acid,nonaroma,acid,high_acid
snappi,snappy,high_acid,acid,nonaroma,acid,high_acid
soapi,soapy,oil,earth_inorganic,aroma,,soapy
soft,soft,low_tannin,tannin,nonaroma,bitter,low_tannin
softer,soft,low_tannin,tannin,nonaroma,bitter,low_tannin
soil,soil,soil,earth_organic,aroma,,soil
sorbet,sorbet,fruity,fruit,aroma,,sorbet
sour,sour,high_acid,acid,nonaroma,acid,high_acid
soy,soy,caramel,caramel,aroma,,soy
soy_sauc,soy_sauce,caramel,caramel,aroma,,soy_sauce
bubbl,sparkling,sparkling,style,nonaroma,,sparkling
sparkl,sparkling,sparkling,style,nonaroma,,sparkling
sparkler,sparkling,sparkling,style,nonaroma,,sparkling
spearmint,spearmint,fresh_herbs,vegetal,aroma,,spearmint
spice,spice,baking_spices,spice,aroma,,spice
spici,spice,baking_spices,spice,aroma,,spice
spice_cake,spice_cake,baking_spices,spice,aroma,,spice_cake
spiki,spiky,high_acid,acid,nonaroma,acid,high_acid
spring_flower,spring_flower,flowery,flower,aroma,,spring_flower
light_spritzi,spritzy,high_acid,acid,nonaroma,acid,high_acid
spritz,spritzy,high_acid,acid,nonaroma,acid,high_acid
spritzi,spritzy,high_acid,acid,nonaroma,acid,high_acid
stalki,stalky,fresh_herbs,vegetal,aroma,,stalky
star_anis,star_anise,baking_spices,spice,aroma,,star_anise
steak,steak,meat,sulfides,aroma,,steak
stainless,steel,metal,earth_inorganic,aroma,,steel
stainless_steel,steel,metal,earth_inorganic,aroma,,steel
stainlesssteel_ferment,steel,metal,earth_inorganic,aroma,,steel
steel,steel,metal,earth_inorganic,aroma,,steel
steeli,steel,metal,earth_inorganic,aroma,,steel
steeli_edg,steel,metal,earth_inorganic,aroma,,steel
steeli_miner,steel,metal,earth_inorganic,aroma,,steel
stem,stemmy,fresh_herbs,vegetal,aroma,,stemmy
stemmi,stemmy,fresh_herbs,vegetal,aroma,,stemmy
stew_plum,stewed_plum,dark_fruit,fruit,aroma,,stewed_plum
stew_prune,stewed_prune,dried_fruit,fruit,aroma,,stewed_prune
stick,sticky,very_sweet,sweetness,nonaroma,sweet,very_sweet
sticki,sticky,very_sweet,sweetness,nonaroma,sweet,very_sweet
rock,stone,rocks,earth_inorganic,aroma,,stone
stone,stone,rocks,earth_inorganic,aroma,,stone
stoni,stone,rocks,earth_inorganic,aroma,,stone
apricot_peach,stone_fruit,stone_fruit,fruit,aroma,,stone_fruit
peach_apricot,stone_fruit,stone_fruit,fruit,aroma,,stone_fruit
stone_fruit,stone_fruit,stone_fruit,fruit,aroma,,stone_fruit
stonefruit,stone_fruit,stone_fruit,fruit,aroma,,stone_fruit
stout,stout,full_bodied,body,nonaroma,weight,full_bodied
straw,straw,color,visual,nonaroma,,straw
strawberri,strawberry,red_fruit,fruit,aroma,,strawberry
strawberri_jam,strawberry,red_fruit,fruit,aroma,,strawberry
strawberri_preserv,strawberry,red_fruit,fruit,aroma,,strawberry
wild_strawberri,strawberry,red_fruit,fruit,aroma,,strawberry
struck_flint,struck_flint,rocks,earth_inorganic,aroma,,struck_flint
sturdi,sturdy,full_bodied,body,nonaroma,weight,full_bodied
succul,succulent,full_bodied,body,nonaroma,weight,full_bodied
sugar,sugar,very_sweet,sweetness,nonaroma,sweet,very_sweet
sugari,sugar,very_sweet,sweetness,nonaroma,sweet,very_sweet
sulfur,sulfur,sulfur,sulfides,aroma,,sulfur
superrich,super_rich,full_bodied,body,nonaroma,weight,full_bodied
superrip,super_ripe,fruity,fruit,aroma,,super_ripe
suppl,supple,low_tannin,tannin,nonaroma,bitter,low_tannin
sweat,sweat,animal,brettanomyces,aroma,,sweat
sweati,sweat,animal,brettanomyces,aroma,,sweat
sweet,sweet,sweet,sweetness,nonaroma,sweet,sweet
sweeten,sweet,sweet,sweetness,nonaroma,sweet,sweet
sweeter,sweet,sweet,sweetness,nonaroma,sweet,sweet
sweettart,sweet,sweet,sweetness,nonaroma,sweet,sweet
sweettast,sweet,sweet,sweetness,nonaroma,sweet,sweet
syrup,syrupy,full_bodied,body,nonaroma,weight,full_bodied
syrupi,syrupy,full_bodied,body,nonaroma,weight,full_bodied
tangerin,tangerine,citrus_fruit,fruit,aroma,,tangerine
tangerin_zest,tangerine_peel,citrus_fruit,fruit,aroma,,tangerine_peel
tang,tangy,high_acid,acid,nonaroma,acid,high_acid
tangi,tangy,high_acid,acid,nonaroma,acid,high_acid
tannic,tannin,high_tannin,tannin,nonaroma,bitter,high_tannin
tar,tar,petroleum,earth_inorganic,aroma,,tar
tarri,tar,petroleum,earth_inorganic,aroma,,tar
tarragon,tarragon,fresh_herbs,vegetal,aroma,,tarragon
tart,tart,high_acid,acid,nonaroma,acid,high_acid
earl_grey,tea,dried_herbs,vegetal,aroma,,tea
green_tea,tea,dried_herbs,vegetal,aroma,,tea
tea,tea,dried_herbs,vegetal,aroma,,tea
tea_leaf,tea,dried_herbs,vegetal,aroma,,tea
tea_leav,tea,dried_herbs,vegetal,aroma,,tea
tealik,tea,dried_herbs,vegetal,aroma,,tea
thick,thick,full_bodied,body,nonaroma,weight,full_bodied
thyme,thyme,fresh_herbs,vegetal,aroma,,thyme
wild_thyme,thyme,fresh_herbs,vegetal,aroma,,thyme
tight,tight,high_tannin,tannin,nonaroma,bitter,high_tannin
tight_knit,tight,high_tannin,tannin,nonaroma,bitter,high_tannin
tight_wound,tight,high_tannin,tannin,nonaroma,bitter,high_tannin
tighter,tight,high_tannin,tannin,nonaroma,bitter,high_tannin
ting,tingling,high_acid,acid,nonaroma,acid,high_acid
tingl,tingly,sparkling,style,nonaroma,,tingly
tire,tire_rubber,rubber,earth_inorganic,aroma,,tire_rubber
tire_rubber,tire_rubber,rubber,earth_inorganic,aroma,,tire_rubber
toast,toast,toasted,woody,aroma,,toast
toast_bread,toast,toasted,woody,aroma,,toast
toasti,toast,toasted,woody,aroma,,toast
toast_almond,toasted_almond,nutty,nutty,aroma,,toasted_almond
toast_coconut,toasted_coconut,resinous,woody,aroma,,toasted_coconut
toast_hazelnut,toasted_hazelnut,nutty,nutty,aroma,,toasted_hazelnut
roast_nut,toasted_nut,nutty,nutty,aroma,,toasted_nut
toast_nut,toasted_nut,nutty,nutty,aroma,,toasted_nut
toasti_oak,toasty_oak,toasted,woody,aroma,,toasty_oak
pipe_tobacco,tobacco,dried_herbs,vegetal,aroma,,tobacco
tobacco,tobacco,dried_herbs,vegetal,aroma,,tobacco
tobacco_leaf,tobacco,dried_herbs,vegetal,aroma,,tobacco
toffe,toffee,caramel,caramel,aroma,,toffee
crush_tomato,tomato,vegetable,vegetal,aroma,,tomato
tomato_leaf,tomato,vegetable,vegetal,aroma,,tomato
tomato_vine,tomato,vegetable,vegetal,aroma,,tomato
tomatoey,tomato,vegetable,vegetal,aroma,,tomato
tree_bark,tree_bark,resinous,woody,aroma,,tree_bark
appl_pear,tree_fruit,tree_fruit,fruit,aroma,,tree_fruit
mango_pineappl,tropical_fruit,tropical_fruit,fruit,aroma,,tropical_fruit
pineappl_mango,tropical_fruit,tropical_fruit,fruit,aroma,,tropical_fruit
tropic,tropical_fruit,tropical_fruit,fruit,aroma,,tropical_fruit
truffl,truffle,mushroom,earth_organic,aroma,,truffle
umami,umami,vegetable,vegetal,aroma,,umami
underbrush,undergrowth,undergrowth,earth_organic,aroma,,undergrowth
underrip,underripe,fruity,fruit,aroma,,underripe
unoak,unoaked,light_bodied,body,nonaroma,weight,light_bodied
unrip,unripe,fruity,fruit,aroma,,unripe
vanilla,vanilla,resinous,woody,aroma,,vanilla
vanilla_bean,vanilla,resinous,woody,aroma,,vanilla
vanilla_coconut,vanilla_coconut,resinous,woody,aroma,,vanilla_coconut
vanilla_cream,vanilla_cream,resinous,woody,aroma,,vanilla_cream
vanilla_dill,vanilla_dill,resinous,woody,aroma,,vanilla_dill
cranberri_rhubarb,vegetal,vegetable,vegetal,aroma,,vegetal
veget,vegetal,vegetable,vegetal,aroma,,vegetal
alongsid_velveti,velvety,low_tannin,tannin,nonaroma,bitter,low_tannin
velvet,velvety,low_tannin,tannin,nonaroma,bitter,low_tannin
velveti,velvety,low_tannin,tannin,nonaroma,bitter,low_tannin
velveti_textur,velvety,low_tannin,tannin,nonaroma,bitter,low_tannin
velveti_tannin,velvety_tannin,low_tannin,tannin,nonaroma,bitter,low_tannin
vibranc,vibrant,high_acid,acid,nonaroma,acid,high_acid
vibrant,vibrant,high_acid,acid,nonaroma,acid,high_acid
vinegar,vinegar,volatile_acidity,acid,nonaroma,,vinegar
crush_violet,violet,flowery,flower,aroma,,violet
press_violet,violet,flowery,flower,aroma,,violet
violet,violet,flowery,flower,aroma,,violet
violet_rose,violet_rose,flowery,flower,aroma,,violet_rose
viscos,viscous,full_bodied,body,nonaroma,,viscous
viscous,viscous,full_bodied,body,nonaroma,,viscous
voluptu,voluptuous,full_bodied,body,nonaroma,weight,full_bodied
walnut,walnut,nutty,nutty,aroma,,walnut
warm,warm,high_alcohol,alcohol,nonaroma,coolness,high_alcohol
warmth,warm,high_alcohol,alcohol,nonaroma,coolness,high_alcohol
warmth_alcohol,warm,high_alcohol,alcohol,nonaroma,coolness,high_alcohol
watermelon,watermelon,melon,fruit,aroma,,watermelon
water,watery,low_concentration,concentration,nonaroma,,watery
wateri,watery,low_concentration,concentration,nonaroma,,watery
wax,wax,oil,earth_inorganic,aroma,,wax
waxi,wax,oil,earth_inorganic,aroma,,wax
weedi,weed,fresh_herbs,vegetal,aroma,,weed
weight,weight,full_bodied,body,nonaroma,weight,full_bodied
wet_clay,wet_clay,rocks,earth_inorganic,aroma,,wet_clay
damp_earth,wet_earth,soil,earth_organic,aroma,,wet_earth
wet_earth,wet_earth,soil,earth_organic,aroma,,wet_earth
wet_cement,wet_rocks,rocks,earth_inorganic,aroma,,wet_rocks
wet_rock,wet_rocks,rocks,earth_inorganic,aroma,,wet_rocks
wet_slate,wet_rocks,rocks,earth_inorganic,aroma,,wet_rocks
wet_stone,wet_rocks,rocks,earth_inorganic,aroma,,wet_rocks
white,white,color,visual,nonaroma,,white
white_almond,white_almond,nutty,nutty,aroma,,white_almond
white_blossom,white_blossom,flowery,flower,aroma,,white_blossom
white_currant,white_currant,red_fruit,fruit,aroma,,white_currant
white_flower,white_flower,flowery,flower,aroma,,white_flower
whitefruit,white_fruit,stone_fruit,fruit,aroma,,white_fruit
white_pepper,white_pepper,pepper,spice,aroma,piquant,pepper
wild_berri,wild_berry,red_fruit,fruit,aroma,,wild_berry
wild_flower,wild_flower,flowery,flower,aroma,,wild_flower
wildflow,wildflower,flowery,flower,aroma,,wildflower
wood,wood,resinous,woody,aroma,,wood
woodag,wood,resinous,woody,aroma,,wood
woodi,wood,resinous,woody,aroma,,wood
woodsi,wood,resinous,woody,aroma,,wood
wood_age,wood_age,resinous,woody,aroma,,wood_age
wood_resin,wood_resin,resinous,woody,aroma,,wood_resin
woodspic,wood_spice,resinous,woody,aroma,,wood_spice
woodland_berri,woody_berry,red_fruit,fruit,aroma,,woody_berry
yeast,yeast,yeast,microbial,aroma,,yeast
yeasti,yeast,yeast,microbial,aroma,,yeast
yellow,yellow,color,visual,nonaroma,,yellow
yellow_flower,yellow_flower,flowery,flower,aroma,,yellow_flower
yellowfruit,yellow_fruit,stone_fruit,fruit,aroma,,yellow_fruit
zest,zest,citrus_fruit,fruit,aroma,,zest
zesti,zesty,high_acid,acid,nonaroma,acid,high_acid
zing,zingy,high_acid,acid,nonaroma,acid,high_acid
zingi,zingy,high_acid,acid,nonaroma,acid,high_acid
zippi,zippy,high_acid,acid,nonaroma,acid,high_acid
